sequence,timestamp_us,topic,payload
1,1722160000000000,vehicle_status,"{""timestamp"": 1722160000000000, ""armed"": true, ""arming_state"": 2, ""nav_state"": 14, ""failsafe"": false, ""pre_flight_checks_pass"": true, ""rc_signal_lost"": false, ""data_link_lost"": false, ""vehicle_type"": 2}"
2,1722160000000000,timesync_status,"{""timestamp"": 1722160000000000, ""remote_timestamp"": 1722160000000500, ""observed_offset"": -1499, ""estimated_offset"": -1464, ""round_trip_time"": 417}"
3,1722160000000000,vehicle_odometry,"{""timestamp"": 1722160000000000, ""position"": [17.34, -0.6200000000000001, -28.5], ""velocity"": [1.2, 0.15, -0.3], ""q"": [0.998, 0.002, -0.005, 0.061]}"
4,1722160000000000,vehicle_global_position,"{""timestamp"": 1722160000000000, ""lat"": 49.196059999999996, ""lon"": 16.60784, ""altitude"": 264.8}"
5,1722160000000000,battery_status,"{""timestamp"": 1722160000000000, ""voltage_v"": 25.2, ""current_a"": 4.8, ""remaining"": 0.82}"
6,1722160000100000,vehicle_status,"{""timestamp"": 1722160000100000, ""armed"": true, ""arming_state"": 2, ""nav_state"": 14, ""failsafe"": false, ""pre_flight_checks_pass"": true, ""rc_signal_lost"": false, ""data_link_lost"": false, ""vehicle_type"": 2}"
7,1722160000100000,timesync_status,"{""timestamp"": 1722160000100000, ""remote_timestamp"": 1722160000100500, ""observed_offset"": -1528, ""estimated_offset"": -1548, ""round_trip_time"": 401}"
8,1722160000100000,vehicle_odometry,"{""timestamp"": 1722160000100000, ""position"": [17.369999999999997, -0.5999999999999996, -28.49], ""velocity"": [1.19, 0.155, -0.3], ""q"": [0.998, 0.0021, -0.005, 0.061]}"
9,1722160000100000,vehicle_global_position,"{""timestamp"": 1722160000100000, ""lat"": 49.19606004999999, ""lon"": 16.607840069999998, ""altitude"": 264.82}"
10,1722160000100000,battery_status,"{""timestamp"": 1722160000100000, ""voltage_v"": 25.197, ""current_a"": 4.85, ""remaining"": 0.818}"
11,1722160000200000,vehicle_status,"{""timestamp"": 1722160000200000, ""armed"": true, ""arming_state"": 2, ""nav_state"": 14, ""failsafe"": false, ""pre_flight_checks_pass"": true, ""rc_signal_lost"": false, ""data_link_lost"": false, ""vehicle_type"": 2}"
12,1722160000200000,timesync_status,"{""timestamp"": 1722160000200000, ""remote_timestamp"": 1722160000200500, ""observed_offset"": -1471, ""estimated_offset"": -1534, ""round_trip_time"": 422}"
13,1722160000200000,vehicle_odometry,"{""timestamp"": 1722160000200000, ""position"": [17.4, -0.5800000000000001, -28.48], ""velocity"": [1.18, 0.16, -0.3], ""q"": [0.998, 0.0022, -0.005, 0.061]}"
14,1722160000200000,vehicle_global_position,"{""timestamp"": 1722160000200000, ""lat"": 49.1960601, ""lon"": 16.60784014, ""altitude"": 264.84000000000003}"
15,1722160000200000,battery_status,"{""timestamp"": 1722160000200000, ""voltage_v"": 25.194, ""current_a"": 4.9, ""remaining"": 0.816}"
16,1722160000300000,vehicle_status,"{""timestamp"": 1722160000300000, ""armed"": true, ""arming_state"": 2, ""nav_state"": 14, ""failsafe"": false, ""pre_flight_checks_pass"": true, ""rc_signal_lost"": false, ""data_link_lost"": false, ""vehicle_type"": 2}"
17,1722160000300000,timesync_status,"{""timestamp"": 1722160000300000, ""remote_timestamp"": 1722160000300500, ""observed_offset"": -1488, ""estimated_offset"": -1463, ""round_trip_time"": 416}"
18,1722160000300000,vehicle_odometry,"{""timestamp"": 1722160000300000, ""position"": [17.43, -0.5599999999999996, -28.47], ""velocity"": [1.17, 0.165, -0.3], ""q"": [0.998, 0.0023, -0.005, 0.061]}"
19,1722160000300000,vehicle_global_position,"{""timestamp"": 1722160000300000, ""lat"": 49.196060149999994, ""lon"": 16.60784021, ""altitude"": 264.86}"
20,1722160000300000,battery_status,"{""timestamp"": 1722160000300000, ""voltage_v"": 25.191, ""current_a"": 4.95, ""remaining"": 0.814}"
21,1722160000400000,vehicle_status,"{""timestamp"": 1722160000400000, ""armed"": true, ""arming_state"": 2, ""nav_state"": 14, ""failsafe"": false, ""pre_flight_checks_pass"": true, ""rc_signal_lost"": false, ""data_link_lost"": false, ""vehicle_type"": 2}"
22,1722160000400000,timesync_status,"{""timestamp"": 1722160000400000, ""remote_timestamp"": 1722160000400500, ""observed_offset"": -1504, ""estimated_offset"": -1534, ""round_trip_time"": 412}"
23,1722160000400000,vehicle_odometry,"{""timestamp"": 1722160000400000, ""position"": [17.46, -0.54, -28.46], ""velocity"": [1.16, 0.17, -0.3], ""q"": [0.998, 0.0024, -0.005, 0.061]}"
24,1722160000400000,vehicle_global_position,"{""timestamp"": 1722160000400000, ""lat"": 49.1960602, ""lon"": 16.607840279999998, ""altitude"": 264.88}"
25,1722160000400000,battery_status,"{""timestamp"": 1722160000400000, ""voltage_v"": 25.188, ""current_a"": 5.0, ""remaining"": 0.8119999999999999}"
26,1722160000500000,vehicle_status,"{""timestamp"": 1722160000500000, ""armed"": true, ""arming_state"": 2, ""nav_state"": 14, ""failsafe"": false, ""pre_flight_checks_pass"": true, ""rc_signal_lost"": false, ""data_link_lost"": false, ""vehicle_type"": 2}"
27,1722160000500000,timesync_status,"{""timestamp"": 1722160000500000, ""remote_timestamp"": 1722160000500500, ""observed_offset"": -1518, ""estimated_offset"": -1476, ""round_trip_time"": 432}"
28,1722160000500000,vehicle_odometry,"{""timestamp"": 1722160000500000, ""position"": [17.490000000000002, -0.5199999999999996, -28.45], ""velocity"": [1.15, 0.175, -0.3], ""q"": [0.998, 0.0025, -0.005, 0.061]}"
29,1722160000500000,vehicle_global_position,"{""timestamp"": 1722160000500000, ""lat"": 49.196060249999995, ""lon"": 16.60784035, ""altitude"": 264.9}"
30,1722160000500000,battery_status,"{""timestamp"": 1722160000500000, ""voltage_v"": 25.185, ""current_a"": 5.05, ""remaining"": 0.8099999999999999}"
31,1722160000600000,vehicle_status,"{""timestamp"": 1722160000600000, ""armed"": true, ""arming_state"": 2, ""nav_state"": 14, ""failsafe"": false, ""pre_flight_checks_pass"": true, ""rc_signal_lost"": false, ""data_link_lost"": false, ""vehicle_type"": 2}"
32,1722160000600000,timesync_status,"{""timestamp"": 1722160000600000, ""remote_timestamp"": 1722160000600500, ""observed_offset"": -1563, ""estimated_offset"": -1544, ""round_trip_time"": 415}"
33,1722160000600000,vehicle_odometry,"{""timestamp"": 1722160000600000, ""position"": [17.52, -0.5, -28.44], ""velocity"": [1.14, 0.18, -0.3], ""q"": [0.998, 0.0026, -0.005, 0.061]}"
34,1722160000600000,vehicle_global_position,"{""timestamp"": 1722160000600000, ""lat"": 49.1960603, ""lon"": 16.60784042, ""altitude"": 264.91999999999996}"
35,1722160000600000,battery_status,"{""timestamp"": 1722160000600000, ""voltage_v"": 25.182, ""current_a"": 5.1, ""remaining"": 0.8079999999999999}"
36,1722160000700000,vehicle_status,"{""timestamp"": 1722160000700000, ""armed"": true, ""arming_state"": 2, ""nav_state"": 14, ""failsafe"": false, ""pre_flight_checks_pass"": true, ""rc_signal_lost"": false, ""data_link_lost"": false, ""vehicle_type"": 2}"
37,1722160000700000,timesync_status,"{""timestamp"": 1722160000700000, ""remote_timestamp"": 1722160000700500, ""observed_offset"": -1432, ""estimated_offset"": -1487, ""round_trip_time"": 415}"
38,1722160000700000,vehicle_odometry,"{""timestamp"": 1722160000700000, ""position"": [17.55, -0.4800000000000004, -28.43], ""velocity"": [1.13, 0.185, -0.3], ""q"": [0.998, 0.0027, -0.005, 0.061]}"
39,1722160000700000,vehicle_global_position,"{""timestamp"": 1722160000700000, ""lat"": 49.196060349999996, ""lon"": 16.60784049, ""altitude"": 264.94}"
40,1722160000700000,battery_status,"{""timestamp"": 1722160000700000, ""voltage_v"": 25.179, ""current_a"": 5.15, ""remaining"": 0.8059999999999999}"
41,1722160000800000,vehicle_status,"{""timestamp"": 1722160000800000, ""armed"": true, ""arming_state"": 2, ""nav_state"": 14, ""failsafe"": false, ""pre_flight_checks_pass"": true, ""rc_signal_lost"": false, ""data_link_lost"": false, ""vehicle_type"": 2}"
42,1722160000800000,timesync_status,"{""timestamp"": 1722160000800000, ""remote_timestamp"": 1722160000800500, ""observed_offset"": -1471, ""estimated_offset"": -1468, ""round_trip_time"": 421}"
43,1722160000800000,vehicle_odometry,"{""timestamp"": 1722160000800000, ""position"": [17.58, -0.45999999999999996, -28.42], ""velocity"": [1.12, 0.19, -0.3], ""q"": [0.998, 0.0028, -0.005, 0.061]}"
44,1722160000800000,vehicle_global_position,"{""timestamp"": 1722160000800000, ""lat"": 49.19606039999999, ""lon"": 16.60784056, ""altitude"": 264.96000000000004}"
45,1722160000800000,battery_status,"{""timestamp"": 1722160000800000, ""voltage_v"": 25.176, ""current_a"": 5.2, ""remaining"": 0.8039999999999999}"
46,1722160000900000,vehicle_status,"{""timestamp"": 1722160000900000, ""armed"": true, ""arming_state"": 2, ""nav_state"": 14, ""failsafe"": false, ""pre_flight_checks_pass"": true, ""rc_signal_lost"": false, ""data_link_lost"": false, ""vehicle_type"": 2}"
47,1722160000900000,timesync_status,"{""timestamp"": 1722160000900000, ""remote_timestamp"": 1722160000900500, ""observed_offset"": -1406, ""estimated_offset"": -1466, ""round_trip_time"": 409}"
48,1722160000900000,vehicle_odometry,"{""timestamp"": 1722160000900000, ""position"": [17.61, -0.4400000000000004, -28.41], ""velocity"": [1.11, 0.195, -0.3], ""q"": [0.998, 0.0029, -0.005, 0.061]}"
49,1722160000900000,vehicle_global_position,"{""timestamp"": 1722160000900000, ""lat"": 49.19606045, ""lon"": 16.60784063, ""altitude"": 264.98}"
50,1722160000900000,battery_status,"{""timestamp"": 1722160000900000, ""voltage_v"": 25.173, ""current_a"": 5.25, ""remaining"": 0.8019999999999999}"
